https://encrypted-tbn0.gstatic.com/images?q=tbn:ANd9GcQaMJlUgChtnI8iN1CSid6dMTSauqb2wey18W_G-HyzGNdRKsXT&s,,,,,,,,
https://encrypted-tbn0.gstatic.com/images?q=tbn:ANd9GcQTfgT1X-Yj5YLagqijBr3Yq2whmp2ID20co4xJqlUXLDnSQU_q&s,,,,,,,,
https://encrypted-tbn0.gstatic.com/images?q=tbn:ANd9GcQ6iiui0QIWJapkRrgWiks4UIh0CaAQE-F0NxtA4GWTBTyGnazI&s,,,,,,,,
https://encrypted-tbn0.gstatic.com/images?q=tbn:ANd9GcRaqqMXwFOoSMwa6D5_b4zB_Zq7GrK3rpHtOHr8CyZ1pGgMXq2a&s,,,,,,,,
https://encrypted-tbn0.gstatic.com/images?q=tbn:ANd9GcQ50yyKSFdCyojbl5tXlacSnIPzW1OteQbpwgRQnNsblxpdDWFBOw&s,,,,,,,,
https://encrypted-tbn0.gstatic.com/images?q=tbn:ANd9GcRfzwH9EWqIse5Ve5KV4InNTa7iJwvBB1OYeiCHaC_1WG0Dehdw&s,,,,,,,,
https://encrypted-tbn0.gstatic.com/images?q=tbn:ANd9GcSQIOAOwx4wH1q4KtRRGg3P0HlYV37sCwoNHvKQjTAOnjnKlqOakQ&s,,,,,,,,
https://encrypted-tbn0.gstatic.com/images?q=tbn:ANd9GcQE0r7dcZRZn-U-UK5JvIkNkOk8a-4KoNKQlyL7jFU4_wcel_W0&s,,,,,,,,
https://encrypted-tbn0.gstatic.com/images?q=tbn:ANd9GcT79GkdBdf0hQVRdR67BTKJgmQdxK3YZis4vLIuPWFR0joXiYLQGg&s,,,,,,,,
https://encrypted-tbn0.gstatic.com/images?q=tbn:ANd9GcSQ6dpMqiQokYqdaMi9t1IMPYvvCXc8cMQ0tpWB14YEbYa8jBb_tw&s,,,,,,,,
https://encrypted-tbn0.gstatic.com/images?q=tbn:ANd9GcSaWFvQx9nsIS9YMjif62qTkjfHjDh1r2YAGim8rhb2sfd8s7Jy&s,,,,,,,,
https://encrypted-tbn0.gstatic.com/images?q=tbn:ANd9GcRSDHWHxtEMqJSnG5eeEgeDHyfuN4_ujmFam14XrimNJhUF6WxlUQ&s,,,,,,,,
https://encrypted-tbn0.gstatic.com/images?q=tbn:ANd9GcQ4OQ69ZbFTXtH9QW-Lg9cOCZUCcpYgg1OJxG5bNaDxAzuKMDU0Sw&s,,,,,,,,
https://encrypted-tbn0.gstatic.com/images?q=tbn:ANd9GcR_EXta7B1-jgVhuWByZa_pfX3ciIwme4dj1nOWTBv0SOdOIQoF&s,,,,,,,,
https://encrypted-tbn0.gstatic.com/images?q=tbn:ANd9GcRuxyM2SI0NSXdHCmAk3Wqgupsd1Ws2WPxC9GFRAHMTxbxRJuvP&s,,,,,,,,
https://encrypted-tbn0.gstatic.com/images?q=tbn:ANd9GcTtH9unC763F4Ajae2s5qgeRFwwodszMiT10w81ePCyJoSrTNZ65Q&s,,,,,,,,
https://encrypted-tbn0.gstatic.com/images?q=tbn:ANd9GcTz_h7vynpqy4SRgsJX8Si6iqUbuy214Vb9KVjktT8D54jWmUWR&s,,,,,,,,
https://encrypted-tbn0.gstatic.com/images?q=tbn:ANd9GcSinsMNAyXUvkHDmYA8xsX188Q3vbQn6dZQpaMo737W96mHfJQFsA&s,,,,,,,,
https://encrypted-tbn0.gstatic.com/images?q=tbn:ANd9GcRuXaCIHVfAgeKw4PjGnkykauGrRVvbs6avX4E-kDC_byFeLGOo&s,,,,,,,,
https://encrypted-tbn0.gstatic.com/images?q=tbn:ANd9GcTufkbdqwBQbqqhbpqtiJpKQTQ3cjlKQrrgCb_eGQAhI3jNaPHy&s,,,,,,,,
https://encrypted-tbn0.gstatic.com/images?q=tbn:ANd9GcQ0vzeSTFeMC87KyGVglTyoaidRRUaw6Kc71YntzU03q5JZ4ismvQ&s,,,,,,,,
https://encrypted-tbn0.gstatic.com/images?q=tbn:ANd9GcTzhecjIgf81U7I9LZtVWOh3YOuWCXIYXwC7bJGD9rWRo0bSDsrPQ&s,,,,,,,,
https://encrypted-tbn0.gstatic.com/images?q=tbn:ANd9GcSX_OrZnnPw5bL4TR97vitz4fBYzFex1CXadQUKdjbnD2nVOnPFIA&s,,,,,,,,
https://encrypted-tbn0.gstatic.com/images?q=tbn:ANd9GcTbLgpl2koTJeRQcKty4-a4GLkeKFbF6j79ueGHmZNWEon-rhOW&s,,,,,,,,
https://encrypted-tbn0.gstatic.com/images?q=tbn:ANd9GcRufQdffg01akJsJJkyFCmW0gCfOOPCIPTB-IJbg6CZXt-JAwvcCA&s,,,,,,,,
https://encrypted-tbn0.gstatic.com/images?q=tbn:ANd9GcQTSfrHVvQMqo7wFMub177e1LAFo1Ee4pYNqodo1aKPsqLhmKFE&s,,,,,,,,
https://encrypted-tbn0.gstatic.com/images?q=tbn:ANd9GcSTyZmAo-aVYPOJjpQ4HjE4tVsMKxGGv09YSGiLyIjSufutq_d1&s,,,,,,,,
https://encrypted-tbn0.gstatic.com/images?q=tbn:ANd9GcRSWjTc7QuDGOQwrHlhTYzO_MKRzl6PcA0LcuWN5ZDb_G-Vprf_&s,,,,,,,,
https://encrypted-tbn0.gstatic.com/images?q=tbn:ANd9GcTsUIi5X78ebYbHNpEDLlHiPNS9RmLWk24TlXgiQzzc1F-jHoxr&s,,,,,,,,
https://encrypted-tbn0.gstatic.com/images?q=tbn:ANd9GcQAorDG_g4ir2q44ebz5m66HGwQhVGs_qzGmaYCOonoioCb4QJUOQ&s,,,,,,,,